[
  {
    "slug": "pm-yojna-launch",
    "title": "प्रधानमंत्री ने नई योजना का उद्घाटन किया",
    "description": "यह योजना ग्रामीण क्षेत्रों के लिए बनाई गई है।",
    "image": "/images/news1.jpg",
    "date": "17 मई 2025",
    "category": "राजनीति",
    "content": "प्रधानमंत्री ने आज एक नई योजना का उद्घाटन किया जो ग्रामीण विकास पर केंद्रित है..."
  }
]
